es,en,de,fr,it
Gente,People,Menschen,personnes,Persone
humanidad,humanity,Menschheit,humanité,umanità
humano,human,menschlich,humain,umano
persona,person,Person,personne,persona
gente,people,Menschen,personnes,persone
hombre,man,Mann,homme,Uomo
mujer,women,Frauen,Femme,donne
bebé,baby,Baby,bébé,Bambino
"niño, niña",boy girl,Jungenmädchen,garçon Fille,ragazzo ragazza
adolescente,Teen,Teenager,Adolescent,Adolescente
"adulto, adulta","Adult, adult","Erwachsener, Erwachsener","Adulte, adulte","Adulto, adulto"
"anciano, anciana","Elder, old woman","Ältester, alte Frau","Elder, vieille femme","Anziana, vecchia"
"don, doña","Don, Doña","Don, Doña","Don, Doña","Don, Doña"
"señor, señora",Mr. Mrs,Herr Frau,Monsieur Madame,Signor signora
caballero,gentleman,Gentleman,gentleman,signore
dama,lady,Dame,Dame,signora
individuo,individual,Individuell,individu,individuale
Cuerpo humano y salud,Human body and health,Menschlicher Körper und Gesundheit,Corps humain et santé,Corpo umano e salute
cuerpo,body,Körper,corps,corpo
pierna,leg,Bein,jambe,gamba
pie,foot,Fuß,pied,piede
talón,heel,Hacke,talon,tacco
espinilla,shin,Schienbein,tibia,stinco
rodilla,knee,Knie,genou,ginocchio
muslo,thigh,Schenkel,cuisse,coscia
cabeza,head,Kopf,Tête,Testa
cara,expensive,teuer,visage,costoso
boca,mouth,Mund,bouche,bocca
labio,lip,Lippe,lèvre,labbro
diente,tooth,Zahn,dent,dente
ojo,eye,Auge,œil,occhio
nariz,nose,Nase,nez,naso
barba,beard,Bart,barbe,barba
bigote,moustache,Schnurrbart,moustache,baffi
cabello,hair,Haar,cheveux,capelli
oreja,ear,Ohr,oreille,orecchio
cerebro,brain,Gehirn,cerveau,cervello
estómago,stomach,Magen,estomac,stomaco
brazo,arm,Arm,bras,braccio
codo,elbow,Ellbogen,coude,gomito
hombro,shoulder,Schulter,épaule,spalla
uña,a,A,ongle,UN
mano,hand,Hand,main,mano
muñeca,doll,Puppe,poupée,bambola
palma,palm,Palme,palmier,palma
dedo,finger,Finger,doigt,dito
"trasero, culo, cola, glúteos","Rear, ass, tail, buttocks","Heck, Arsch, Schwanz, Gesäß","Arrière, cul, queue, fesses","Posteriore, culo, coda, glutei"
abdomen,abdomen,Abdomen,abdomen,addome
hígado,liver,Leber,foie,fegato
músculo,muscle,Muskel,muscle,muscolo
cuello,neck,Nacken,cou,collo
corazón,heart,Herz,coeur,cuore
mente,mind,Geist,esprit,mente
alma,soul,Seele,âme,anima
espíritu,spirit,Geist,esprit,spirito
pecho,chest,Brust,buste,Petto
cintura,waist,Taille,taille,Vita
cadera,hip,Hüfte,hanche,anca
espalda,back,zurück,dos,Indietro
sangre,blood,Blut,sang,sangue
carne,meat,Fleisch,viande,carne
piel,fur,Fell,fourrure,pelliccia
hueso,bone,Knochen,os,osso
resfriado,a cold,eine Erkältung,un froid,un raffreddore
gripe,flu,Grippe,grippe,influenza
diarrea,diarrhea,Durchfall,diarrhée,diarrea
salud,health,Gesundheit,santé,salute
enfermedad,disease,Krankheit,maladie,malattia
Familia y otras relaciones,Family and other relationships,Familie und andere Beziehungen,Famille et autres relations,Famiglia e altre relazioni
familia,family,Familie,famille,famiglia
"amigo, amiga",friend friend,Freund Freund,ami amie,amico amico
"conocido, conocida","known, known","bekannt, bekannt","connu, connu","noto, noto"
colega,colleague,Kollege,collègue,collega
pareja,couple,Paar,couple,coppia
"esposo, esposa",husband wife,Ehemann Ehefrau,mari épouse,marito moglie
matrimonio,marriage,Hochzeit,mariage,matrimonio
amor,love,Liebe,amour,Amore
padre,father,Vater,père,padre
madre,mother,Mutter,mère,madre
"hermano, hermana","Brother, sister",Bruder Schwester,frère soeur,Fratello sorella
"hijo, hija",son daughter,Sohn Tochter,fils fille,figlio figlia
"abuelo, abuela",Grandfather Grandmother,Großvater Großmutter,grand-père grand-mère,Nonno nonna
"bisabuelo, bisabuela",great-grandfather great-grandmother,Urgroßvater Urgroßmutter,arrière-grand-père arrière-grand-mère,bisnonno bisnonno
"nieto, nieta",grandson granddaughter,Enkel Enkelin,petite-fille de petite-fils,nipote nipote
"bisnieto, bisnieta","great -grandson, great -grandson","toll -Grandson, toll -Grandson","Grand-petit-fils, grand-petit-fils","Great -Grandson, Great -Grandson"
"primo, prima",cousin cousin,Cousin Cousin,cousin Cousine,cugino cugino
"tío, tía",uncle aunt,"Onkel, Tante",oncle tante,zio Zia
"sobrino, sobrina",nephew niece,Neffe Nichte,neveu nièce,nipote nipote
Vida,Life,Leben,Vie,Vita
criatura,creature,Kreatur,créature,creatura
especie,species,Spezies,espèces,specie
ser,be,Sei,être,Essere
vida,life,Leben,vie,vita
nacimiento,birth,Geburt,naissance,nascita
reproducción,reproduction,Reproduktion,la reproduction,riproduzione
muerte,death,Tod,décès,morte
Geografía,Geography,Erdkunde,Géographie,Geografia
naturaleza,nature,Natur,nature,natura
campo,field,Feld,Campagne,campo
bosque,forest,Wald,Forêt,foresta
"selva, jungla","jungle, jungle","Dschungel, Dschungel","jungle, jungle","giungla, giungla"
desierto,desert,Wüste,désert,deserto
costa,coast,Küste,côte,costa
playa,beach,Strand,plage,spiaggia
río,river,Fluss,rivière,fiume
"laguna, lago","Laguna, Lake","Laguna, See","Laguna, lac","Laguna, lago"
"mar, océano",sea ​​ocean,Meeres Ozean,mer océan,Oceano marino
"cerro, monte, montaña","Cerro, Monte, Mountain","Cerro, Monte, Berg","Cerro, Monte, montagne","Cerro, Monte, montagna"
luz,light,Licht,lumière,leggero
energía,energy,Energie,énergie,energia
Animales,Animals,Tiere,Les animaux,Animali
animal,animal,Tier,animal,animale
perro,dog,Hund,chien,cane
gato,cat,Katze,chat,gatto
vaca,cow,Kuh,vache,mucca
cerdo,pig,Schwein,cochon,maiale
"caballo, yegua",horse mare,Pferdestute,jument de chevaux,cavalle di cavallo
oveja,sheep,Schaf,Mouton,pecora
mono,bun,Brötchen,chignon,panino
"ratón, rata",mouse Rat,Maus Ratte,souris RAT,ratto di topo
tigre,tiger,Tiger,tigre,tigre
conejo,rabbit,Kaninchen,lapin,coniglio
dragón,dragon,Drachen,dragon,Drago
ciervo,deer,Reh,cerf,cervo
rana,frog,Frosch,grenouille,rana
león,lion,Löwe,lion,Leone
jirafa,giraffe,Giraffe,girafe,giraffa
elefante,elephant,Elefant,éléphant,elefante
pájaro,bird,Vogel,oiseau,uccello
gallina,hen,Henne,poule,gallina
gorrión,sparrow,Spatz,moineau,passero
cuervo,Raven,Rabe,Corbeau,Corvo
águila,eagle,Adler,aigle,aquila
halcón,hawk,Falke,faucon,falco
pez,fish,Fisch,Poisson,pescare
camarón,shrimp,Garnele,crevette,gamberetto
langosta,lobster,Hummer,langouste,aragosta
sardina,sardine,Sardine,sardine,sardina
atún,tuna,Thunfisch,thon,tonno
calamar,squid,Tintenfisch,calmar,calamaro
pulpo,octopus,Krake,pieuvre,polpo
insecto,insect,Insekt,insecte,insetto
bicho,bug,Insekt,bogue,insetto
mariposa,butterfly,Schmetterling,papillon,farfalla
polilla,moth,Motte,papillon,falena
saltamontes,grasshopper,Heuschrecke,sauterelle,cavalletta
araña,spider,Spinne,araignée,ragno
mosca,fly,Fliege,voler,volare
mosquito,mosquito,Moskito,moustique,zanzara
cucaracha,cockroach,Kakerlake,cafard,scarafaggio
caracol,snail,Schnecke,escargot,lumaca
babosa,slug,Slug,limace,lumaca
lombriz,worm,Wurm,ver,verme
marisco,seafood,Meeresfrüchte,fruit de mer,frutti di mare
molusco,mollusk,Weichtier,mollusque,mollusco
lagarto,lizard,Eidechse,lézard,lucertola
serpiente,snake,Schlange,serpent,serpente
cocodrilo,crocodile,Krokodil,crocodile,coccodrillo
Plantas y alimentos,Plants and food,Pflanzen und Nahrung,Plantes et nourriture,Piante e cibo
alimento,food,Essen,nourriture,cibo
comida,meal,Mahlzeit,repas,pasto
bebida,drink,trinken,boire,bere
vegetal,vegetable,Gemüse,légume,verdura
planta,plant,Anlage,usine,pianta
"pasto, césped",grass,Gras,herbe,erba
flor,flower,Blume,fleur,fiore
fruta,fruit,Frucht,fruit,frutta
semilla,seed,Samen,graine,seme
árbol,tree,Baum,arbre,albero
hoja,sheet,Blatt,feuille,foglio
raíz,root,Wurzel,racine,radice
tallo,stem,Stengel,tige,stelo
hongo,fungus,Pilz,champignon,fungo
ciruela,plum,Pflaume,prune,prugna
pino,Pine tree,Kiefer,pin,Pino
bambú,bamboo,Bambus,bambou,bambù
nuez,nut,Mutter,noix,noce
almendra,almond,Mandel,amande,mandorla
castaña,Chestnut,Kastanie,châtaigne,Castagna
arroz,rice,Reis,riz,riso
avena,oatmeal,Haferflocken,gruau,fiocchi d'avena
cebada,barley,Gerste,orge,orzo
trigo,wheat,Weizen,blé,grano
verdura,vegetable,Gemüse,légume,verdura
"patatas, papas","potatoes, potatoes","Kartoffeln, Kartoffeln","pommes de terre, pommes de terre","patate, patate"
"judías, guisantes, porotos","Jewish, peas, beans","Jüdisch, Erbsen, Bohnen","Juif, pois, haricots","Ebrei, piselli, fagioli"
rábano,radish,Rettich,un radis,ravanello
zanahoria,carrot,Karotte,carotte,carota
manzana,apple,Apfel,pomme,mela
naranja,orange,orange,Orange,arancia
plátano,banana,Banane,banane,banana
pera,pear,Birne,poire,Pera
castaño,chestnut,Kastanie,châtain,Castagna
durazno,peach,Pfirsich,pêche,pesca
tomate,tomato,Tomate,tomate,pomodoro
sandía,watermelon,Wassermelone,melon d'eau,anguria
carne,meat,Fleisch,viande,carne
gaseosa,soda,Limonade,un soda,bibita
Tiempo,Time,Zeit,Temps,Tempo
tiempo,time,Zeit,temps,tempo
calendario,calendar,Kalender,calendrier,calendario
edad,age,Alter,âge,età
"época, era","time, it was",Zeit war es,"le temps, c'était","tempo, lo era"
fecha,date,Datum,date,data
instante,instant,sofortig,instantané,immediato
momento,moment,Moment,moment,momento
segundo,second,zweite,deuxième,secondo
minuto,minute,Minute,minute,minuto
hora,hour,Stunde,heure,ora
día,day,Tag,jour,giorno
semana,week,Woche,semaine,settimana
entre semana,weekday,Wochentag,entre semaine,giorni feriali
fin de semana,weekend,Wochenende,week-end,fine settimana
mes,month,Monat,mois,mese
año,year,Jahr,année,anno
década,decade,Jahrzehnt,décennie,decennio
siglo,century,Jahrhundert,siècle,secolo
milenio,millennium,Millennium,millénaire,millennio
ayer,yesterday,gestern,hier,Ieri
hoy,today,Heute,aujourd'hui,Oggi
mañana,tomorrow,morgen,matin,Domani
amanecer,sunrise,Sonnenaufgang,lever du soleil,alba
mediodía,noon,Mittag,midi,mezzogiorno
tarde,late,spät,en retard,tardi
anochecer,to become night,Nacht werden,devenir nuit,diventare notte
noche,evening,Abend,nuit,sera
lunes,Monday,Montag,Lundi,Lunedi
martes,Tuesday,Dienstag,Mardi,Martedì
miércoles,Wednesday,Mittwoch,Mercredi,Mercoledì
jueves,Thursday,Donnerstag,Jeudi,Giovedì
viernes,Friday,Freitag,Vendredi,Venerdì
sábado,Saturday,Samstag,Samedi,Sabato
domingo,Sunday,Sonntag,Dimanche,Domenica
Espacio,Space,Raum,Espace,Spazio
ambiente,atmosphere,Atmosphäre,atmosphère,atmosfera
espacio,space,Raum,espace,spazio
entorno,around,um,autour,in giro
área,area,Bereich,zone,la zona
superficie,surface,Oberfläche,surface,superficie
volumen,volume,Volumen,volume,volume
región,region,Region,région,regione
zona,zone,Zone,zone,zona
lado,side,Seite,côté,lato
mundo,world,Welt,monde,mondo
planeta,planet,Planet,planète,pianeta
sol,sun,Sonne,soleil,sole
luna,moon,Mond,lune,luna
estrella,star,Stern,Etoile,stella
galaxia,galaxy,Galaxis,galaxie,galassia
universo,universe,Universum,univers,universo
clima,climate,Klima,climat,clima
despejado (adj.),Clear (adj.),Klar (adj.),Clear (adj.),Clear (agg.)
nublado (adj.),cloudy (adj.),bewölkt (adj.),nuageux (adj.),nuvoloso (agg.)
lluvia,rain,Regen,pluie,piovere
nieve,snow,Schnee,neige,nevicare
viento,wind,Wind,vent,vento
trueno,thunder,Donner,tonnerre,tuono
rayo,ray,Strahl,rayon,Ray
tormenta,storm,Sturm,tempête,tempesta
cielo,darling,Schatz,chéri,Tesoro
este,this,Das,ce,Questo
oeste,west,West,Ouest,ovest
sur,south,Süd,sud,Sud
norte,north,Norden,nord,nord
derecha,right,Rechts,droite,Giusto
izquierda,left,links,gauche,Sinistra
diagonal,diagonal,Diagonale,diagonale,diagonale
exterior,abroad,im Ausland,à l'étranger,all'estero
interior,inside,innen,à l'intérieur,dentro
Materiales,Materials,Materialien,Matériaux,Materiali
calor,heat,Hitze,chaleur,Calore
agua,water,Wasser,eau,acqua
hielo,ice,Eis,glace,ghiaccio
vapor,steam,Dampf,fumer,vapore
fuego,fire,Feuer,feu,fuoco
gas,gas,Gas,gaz,gas
"aire, atmósfera","air, atmosphere","Luft, Atmosphäre","Air, atmosphère","aria, atmosfera"
tierra,land,Land,atterrir,terra
piso,floor,Boden,appartement,pavimento
suelo,floor,Boden,sol,pavimento
"metal, metálico (adj.)","metal, metallic (adj.)","Metall, Metallic (adj.)","métal, métallique (adj.)","metallo, metallico (agg.)"
hierro,iron,Eisen,fer,ferro
oro,gold,Gold,or,oro
plata,silver,Silber,argent,argento
plomo,lead,führen,plomb,Guida
sal,salt,Salz,sel,sale
"barro, lodo","mud, mud","Schlamm, Schlamm","boue, boue","fango, fango"
Medidas,Measures,Mittel,Mesures,Le misure
peso,weight,Gewicht,lester,peso
metro,meter,Meter,mètre,metro
"milímetro, centímetro, kilómetro","millimeter, centimeter, kilometer","Millimeter, Zentimeter, Kilometer","millimètre, centimètre, kilomètre","millimetro, centimetro, chilometro"
litro,liter,Liter,litre,litro
gramo,gram,Gramm,gramme,grammo
kilo,kilo,Kilo,kilo,chilo
cantidad,amount,Menge,montant,quantità
total,total,gesamt,total,totale
medida,extent,Ausmaß,étendue,estensione
Sociedad,Society,Gesellschaft,Société,Società
sociedad,society,Gesellschaft,société,società
comunidad,community,Gemeinschaft,communauté,Comunità
reunión,meeting,treffen,réunion,incontro
encuentro,meeting,treffen,réunion,incontro
estructura,structure,Struktur,structure,struttura
administración,administration,Verwaltung,administration,amministrazione
organización,organization,Organisation,organisation,organizzazione
asociación,association,Verband,association,associazione
empresa,company,Unternehmen,entreprise,azienda
equipo,equipment,Ausrüstung,équipe,attrezzatura
autoridad,authority,Behörde,autorité,autorità
cargo,post,Post,poste,inviare
campaña,Campaign,Kampagne,cloche,Campagna
club,club,Verein,club,club
comisión,commission,Kommission,commission,commissione
congreso,congress,Kongress,congrès,congresso
consejo,advice,Beratung,Conseil,consiglio
partido,game,Spiel,jeu,gioco
país,country,Land,Pays,Paese
nación,nation,Nation,nation,nazione
gobierno,government,Regierung,gouvernement,governo
estado,state,Zustand,État,stato
provincia,province,Provinz,province,Provincia
departamento,department,Abteilung,département,Dipartimento
municipio,municipality,Gemeinde,municipalité,comune
democracia,democracy,Demokratie,démocratie,democrazia
dictadura,dictatorship,Diktatur,dictature,dittatura
política,policy,Politik,politique,politica
político,political,politisch,politique,politico
presidente,president,Präsident,président,Presidente
ministro,Minister,Minister,Ministre,Ministro
director,director,Direktor,directeur,direttore
"parlamentario, congresista, senador, diputado","parliamentary, congressman, senator, deputy","parlamentarisch, Kongressabgeordneter, Senator, Abgeordneter","Parlementaire, membre du Congrès, sénateur, adjoint","parlamentare, deputato, senatore, deputato"
representante,representative,Vertreter,représentant,rappresentante
"gobernador, intendente, alcalde","Governor, Mayor, Mayor","Gouverneur, Bürgermeister, Bürgermeister","Gouverneur, maire, maire","Governatore, sindaco, sindaco"
policía,police,Polizei,police,Polizia Stradale
bomberos,firefighters,Feuerwehrleute,sapeurs pompiers,Pompiere
capital,capital,Hauptstadt,capitale,capitale
ciudad,city,Stadt,ville,città
población,population,Bevölkerung,Ville,popolazione
pueblo,town,Stadt,ville,città
villa,town,Stadt,ville,città
obligación,obligation,Verpflichtung,obligation,obbligo
libertad,freedom,Freiheit,liberté,libertà
derecho,right,Rechts,droite,Giusto
permiso,permission,Erlaubnis,autorisation,autorizzazione
prohibición,prohibition,Verbot,interdiction,divieto
constitución,Constitution,Verfassung,Constitution,Costituzione
ley,law,Gesetz,loi,legge
decreto,decree,Dekret,décret,decreto
norma,rule,Regel,règle,regola
Economía,Economy,Wirtschaft,Économie,Economia
economía,economy,Wirtschaft,économie,economia
consumo,consumption,Verbrauch,consommation,consumo
demanda,demand,Nachfrage,demande,richiesta
compañía,company,Unternehmen,compagnie,azienda
comercio,trade,handeln,commerce,commercio
mercado,market,Markt,marché,mercato
servicio,service,Service,service,servizio
producto,product,Produkt,produit,Prodotto
producción,production,Produktion,production,produzione
transacción,transaction,Transaktion,transaction,transazione
almacén,store,speichern,magasin,negozio
hotel,hotel,Hotel,hôtel,Hotel
fábrica,factory,Fabrik,usine,fabbrica
cuenta,account,Konto,compte,account
boleto,ticket,Fahrkarte,billet,biglietto
entrada,entrance,Eingang,entrée,Entrata
dinero,money,Geld,argent,soldi
billete,ticket,Fahrkarte,billet,biglietto
"vuelto, cambio","Return, change","Rückkehr, Veränderung","Retour, changer","Ritorno, cambiamento"
máquina expendedora,Vending machine,Verkaufsautomat,Distributeur automatique,Distributore automatico
"precio, tarifa","price, rate",Preisrate,"prix, taux","prezzo, tasso"
valor,worth,Wert,valeur,Di valore
Objetos hechos por el ser humano,Objects made by the human being,Objekte des Menschen gemacht,Objets faits par l'être humain,Oggetti realizzati dall'essere umano
Hogar,Home,Heim,foyer,Casa
escritorio,desk,Schreibtisch,bureau,scrivania
silla,chair,Stuhl,chaise,sedia
mesa,table,Tisch,tableau,tavolo
cama,bed,Bett,lit,letto
dormitorio,bedroom,Schlafzimmer,chambre à coucher,camera da letto
habitación,room,Zimmer,chambre,camera
cuarto,room,Zimmer,chambre,camera
oficina,office,Büro,bureau,ufficio
panel,panel,Panel,panneau,pannello
puerta,door,Tür,porte,porta
ventana,window,Fenster,fenêtre,finestra
entrada,entrance,Eingang,entrée,Entrata
hogar,home,heim,foyer,casa
casa,home,heim,maison,casa
"apartamento, departamento","Apartment, department","Wohnung, Abteilung","Appartement, département","Appartamento, dipartimento"
edificio,building,Gebäude,bâtiment,edificio
construcción,construction,Konstruktion,construction,costruzione
"elevador, ascensor","elevator, elevator","Aufzug, Aufzug","ascenseur, ascenseur","Elevatore, ascensore"
escalera,ladder,Leiter,Escalier,scala
Herramientas,Tools,Werkzeug,Outils,Utensili
aparato,apparatus,Gerät,appareil,Apparato
cámara,camera,Kamera,caméra,telecamera
aguja,needle,Nadel,aiguille,ago
clavo,nail,Nagel,clou,chiodo
hilo,thread,Gewinde,fil,filo
"cuerda, cordel, cordón","rope, string, cord","Seil, Schnur, Kabel","corde, corde, cordon","corda, corda, cavo"
bolsillo,pocket,Tasche,poche,tasca
bolso,bag,Tasche,sac,borsa
bolsa,bag,Tasche,sac,borsa
paraguas,umbrella,Regenschirm,parapluie,ombrello
parasol,parasol,Sonnenschirm,parasol,parasole
pantalla,screen,Bildschirm,filtrer,schermo
pomo,knob,Knopf,bouton,pomello
llave,key,Taste,clé,chiave
trancar (verbo),trancar (verb),Trancar (Verb),Trancar (verbe),Trancar (verbo)
arma,weapon,Waffe,arme,arma
escultura,sculpture,Skulptur,sculpture,scultura
libro,book,Buch,livre,libro
revista,magazine,Zeitschrift,Revue,rivista
cuadro,chart,Diagramm,peinture,grafico
grabado,Recorded,Verzeichnet,Enregistré,Registrato
electricidad,electricity,Elektrizität,électricité,elettricità
corriente,current,aktuell,actuel,attuale
base,base,Base,base,base
pata,paw,Pfote,patte,zampa
conexión,Connection,Verbindung,Connexion,Connessione
Ropa,Clothes,Kleidung,Vêtements,Vestiti
ropa,clothes,Kleidung,vêtements,vestiti
prenda,garment,Kleidungsstück,vêtement,capo
manga,sleeve,Ärmel,manche,manica
"solapa, cuello","flap, neck","Klatschen, Hals","rabat, cou","lembo, collo"
botón,button,Taste,bouton,pulsante
"cremallera, cierre","Zipper, closure",Reißverschluss,"Fermeture éclair, fermeture","Zipper, chiusura"
cinturón,belt,Gürtel,ceinture,cintura
zapato,shoe,Schuh,chaussure,scarpa
gafas,glasses,Gläser,lunettes,occhiali
pantalón,pants,Hose,pantalon,pantaloni
camisa,shirt,Shirt,chemise,camicia
camiseta,t-shirt,T-Shirt,T-shirt,maglietta
zapatilla,shoe,Schuh,chaussure,scarpa
cordones,laces,Schnürsenkel,lacets,lacci
abrigo,coat,Mantel,manteau,cappotto
chaqueta,jacket,Jacke,blouson,giacca
calcetines,socks,Socken,chaussettes,calzini
"bragas, calzón","Panties, underwear","Höschen, Unterwäsche","Culotte, sous-vêtements","Mutandine, biancheria intima"
calzoncillo,underwear,Unterwäsche,sous-vêtement,biancheria intima
"sujetador, sostén","bra, support","BH, Unterstützung","soutien-gorge, support","reggiseno, supporto"
falda,skirt,Rock,jupe,gonna
Transportes,Transportation,Transport,Transport,Trasporto
"transporte, transporte público, transporte privado","Transportation, public transport, private transportation","Transport, öffentliche Verkehrsmittel, privater Transportmittel","Transport, transports publics, transport privé","Trasporti, trasporti pubblici, trasporti privati"
"tránsito, tráfico","Traffic, traffic","Verkehr, Verkehr","Trafic, trafic","Traffico, traffico"
vehículo,vehicle,Fahrzeug,véhicule,veicolo
"tren, ferrocarril","train, rail","Zug, Schiene","train, rail","treno, binario"
"subterráneo, metro","Underground, Metro","Untergrund, Metro","Underground, métro","Underground, Metro"
camino,path,Weg,chemin,sentiero
vía,via,über,via,attraverso
ruta,route,Route,itinéraire,itinerario
calle,street,Straße,rue,strada
carretera,road,Straße,route,strada
autopista,highway,Autobahn,Autoroute,autostrada
avenida,avenue,Allee,rue,viale
"estación, parada","Station, stop","Station, Stopp","Station, arrêt","Stazione, fermati"
avión,plane,Ebene,avion,aereo
aeropuerto,airport,Flughafen,aéroport,aeroporto
"automóvil, coche, auto","Auto, car, car","Auto, Auto, Auto","Auto, voiture, voiture","Auto, macchina, macchina"
"bus, autobús, ómnibus","Bus, bus, buse","Bus, Bus, Busch","Bus, bus, buse","Autobus, autobus, buse"
ambulancia,ambulance,Krankenwagen,ambulance,ambulanza
Lenguaje,Language,Sprache,Langue,Lingua
número,number,Nummer,le numéro,numero
alfabeto,alphabet,Alphabet,alphabet,alfabeto
símbolo,symbol,Symbol,symbole,simbolo
punto,spot,Stelle,place,macchiare
coma,eat,essen,manger,mangiare
"raíz, origen, fuente","root, origin, source","Wurzel, Herkunft, Quelle","racine, origine, source","radice, origine, fonte"
papel,paper,Papier,papier,carta
carta,letter,Brief,lettre,lettera
comunicación,communication,Kommunikation,communication,comunicazione
expresión,expression,Ausdruck,expression,espressione
voz,voice,Stimme,voix,voce
texto,text,Text,texte,testo
periodismo,journalism,Journalismus,journalisme,giornalismo
"periódico, diario",daily newspaper,Tageszeitung,journal quotidien,giornale quotidiano
diccionario,dictionary,Wörterbuch,dictionnaire,dizionario
documento,document,dokumentieren,document,documento
informe,report,Bericht,rapport,rapporto
noticia,news,Nachricht,nouvelles,notizia
"computadora, ordenador","computer, computer","Computer, Computer","ordinateur, ordinateur","computer, computer"
idioma extranjero,Foreign language,Fremdsprache,langue étrangère,Lingua straniera
japonés,Japanese,japanisch,Japonais,giapponese
inglés,English,Englisch,Anglais,Inglese
chino,Chinese,Chinesisch,Chinois,Cinese
alemán,German,Deutsch,Allemand,Tedesco
español,Spanish,Spanisch,Espagnol,spagnolo
francés,French,Französisch,Français,francese
Colores,Colors,Farben,Couleurs,Colori
color,color,Farbe,couleur,colore
blanco,white,Weiss,blanc,bianco
negro,black,Schwarz,noir,nero
gris,grey,grau,gris,grigio
rojo,red,Rot,rouge,rosso
"naranja, anaranjado",Orange orange,Orange Orange,Orange orange,Arancione arancione
amarillo,yellow,Gelb,jaune,giallo
verde,green,Grün,vert,verde
celeste,sky blue,Himmelblau,bleu ciel,cielo blu
azul,blue,Blau,bleu,blu
violeta,violet,violett,violette,Viola
"rosa, rosado","Rose, pink",Rosa,Rose,Rosa Rosa
"marrón, café","Brown, coffee","Braun, Kaffee","Brun, café","Brown, caffè"
Actividades,Activities,Aktivitäten,Activités,Attività
cultura,culture,Kultur,culture,cultura
autor,author,Autor,auteur,autore
actuación,performance,Leistung,performance,prestazione
espectador,viewer,Zuschauer,spectateur,spettatore
espectáculo,show,zeigen,montrer,spettacolo
entretenimiento,entertainment,Unterhaltung,divertissement,divertimento
arte,art,Kunst,art,arte
cine,cinema,Kino,cinéma,cinema
dibujo,drawing,Zeichnung,dessin,disegno
pintura,paint,malen,peindre,colore
música,music,Musik,Musique,musica
religión,religion,Religion,religion,religione
dios,God,Gott,Dieu,Dio
artículo,article,Artikel,article,articolo
educación,education,Ausbildung,éducation,formazione scolastica
escuela,school,Schule,école,scuola
instituto,Institute,Institut,lycée,Istituto
colegio,school,Schule,collège,scuola
universidad,university,Universität,l'universitè,Università
clase,class,Klasse,classe,classe
curso,course,Kurs,cours,corso
estudio,study,lernen,étude,studio
formación,training,Ausbildung,entraînement,formazione
análisis,analysis,Analyse,analyse,analisi
investigación,investigation,Untersuchung,enquête,indagine
conocimiento,knowledge,Wissen,connaissance,conoscenza
idea,idea,Idee,idée,idea
información,information,Information,information,informazione
dato,fact,Tatsache,fait,fatto
forma,shape,Form,forme,forma
manera,manner,Benehmen,manière,maniera
modo,mode,Modus,mode,modalità
estilo,style,Stil,style,stile
figura,figure,Figur,chiffre,figura
elemento,element,Element,élément,elemento
"uso, utilización","Use, use","Verwendung, Verwendung","Utiliser, utiliser","Usa, usa"
ciencia,science,Wissenschaft,science,scienza
aritmética,arithmetic,Arithmetik,arithmétique,aritmetica
historia,history,Geschichte,histoire,storia
geografía,geography,Erdkunde,géographie,geografia
educación física,physical education,"Bewegungserziehung, Körpererziehung, Leibeserziehung",éducation physique,educazione fisica
deporte,sport,Sport,sport,sport
carrera,career,Karriere,carrière,carriera
"competición, competencia","competition, competition","Wettbewerb, Wettbewerb","compétition, compétition","competizione, competizione"
ayuda,aid,Hilfe,aide,aiuto
favor,favor,favorisieren,service,favore
apoyo,support,Unterstützung,support,supporto
búsqueda,search,suchen,Recherche,ricerca
duda,doubt,zweifeln,doute,dubbio
pregunta,ask,fragen,demander,chiedere
respuesta,answer,antworten,répondre,risposta
cuestión,question,Frage,question,domanda
solicitud,application,Anwendung,application,applicazione
decisión,decision,Entscheidung,décision,decisione
elección,choice,Auswahl,choix,scelta
consejo,advice,Beratung,Conseil,consiglio
sugerencia,suggestion,Anregung,suggestion,suggerimento
orden,order,Befehl,commande,ordine
control,control,Kontrolle,contrôle,controllo
sistema,system,System,système,sistema
trabajo,job,Arbeit,emploi,lavoro
empleo,employment,Anstellung,emploi,occupazione
profesión,profession,Beruf,profession,professione
esfuerzo,effort,Bemühung,effort,sforzo
Números,Numbers,Zahlen,Nombres,Numeri
cero,zero,null,zéro,zero
uno,one,eins,un,uno
dos,two,zwei,deux,due
tres,three,drei,trois,tre
cuatro,four,vier,quatre,quattro
cinco,five,fünf,cinq,cinque
seis,six,sechs,six,sei
siete,seven,Sieben,sept,Sette
ocho,eight,acht,huit,otto
nueve,nine,neun,neuf,nove
diez,ten,zehn,dix,dieci
"cien, ciento",hundred percent,hundert Prozent,cent pour cent,cento per cento
mil,thousand,tausend,mille,mille
millón,million,Million,million,milione
Espacio y cantidad,Space and quantity,Raum und Menge,Espace et quantité,Spazio e quantità
lugar,place,Ort,lieu,posto
posición,position,Position,position,posizione
movimiento,motion,Bewegung,mouvement,movimento
velocidad,speed,Geschwindigkeit,vitesse,velocità
aceleración,acceleration,Beschleunigung,accélération,accelerazione
dirección,address,Adresse,adresse,indirizzo
tamaño,size,Größe,taille,misurare
"largo, longitud","length, length",Länge Länge,"longueur, longueur","lunghezza, lunghezza"
"alto, altura","High, height",Große Höhe,Haute altitude,"Alto, altezza"
ancho,broad,breit,large,ampio
mayoría,most,am meisten,la plupart,maggior parte
minoría,minority,Minderheit,minorité,minoranza
aumento,increase,Zunahme,augmenter,aumento
reducción,reduction,die Ermäßigung,réduction,riduzione
crecimiento,growth,Wachstum,croissance,crescita
fondo,background,Hintergrund,arrière-plan,sfondo
frente,forehead,Stirn,front,fronte
Sustantivos abstractos,Abstract nouns,Abstrakte Substantive,Noms abstraits,Sostantivi astratti
cosa,stuff,Sachen,truc,cose
aspecto,aspect,Aspekt,aspect,aspetto
contenido,content,Inhalt,contenu,contenuto
objeto,object,Objekt,objet,oggetto
parte,part,Teil,partie,parte
sector,sector,Sektor,secteur,settore
palabra,word,Wort,mot,parola
nombre,name,Name,nom,nome
código,code,Code,code,codice
secreto,secret,Geheimnis,secret,segreto
formalidad,formality,Formalität,formalité,formalità
presente,present,gegenwärtig,cadeau,presente
pasado,past,Vergangenheit,passé,passato
futuro,future,Zukunft,avenir,futuro
ocasión,chance,Chance,chance,opportunità
vez,time,Zeit,fois,tempo
acción,action,Aktion,action,azione
actividad,activity,Aktivität,activité,attività
acto,act,Gesetz,loi,atto
programa,program,Programm,programme,programma
proyecto,project,Projekt,projet,progetto
obra,construction site,Baustelle,chantier de construction,sito di costruzione
acuerdo,agreement,Vereinbarung,accord,accordo
actitud,attitude,Attitüde,attitude,atteggiamento
atención,attention,Aufmerksamkeit,attention,Attenzione
capacidad,ability,Fähigkeit,capacité,capacità
concepto,concept,Konzept,concept,concetto
tema,issue,Ausgabe,problème,problema
condición,condition,Zustand,condition,condizione
caso,case,Fall,cas,caso
conjunto,set,Satz,ensemble,impostato
grupo,cluster,Cluster,grappe,grappolo
creación,creation,Schaffung,création,creazione
destrucción,destruction,Zerstörung,destruction,distruzione
origen,origin,Herkunft,Origine,origine
destino,destination,Ziel,destination,destinazione
"objetivo, meta","Objective, goal",Objektives Ziel,"Objectif, objectif","Obiettivo, obiettivo"
función,function,Funktion,fonction,funzione
relación,relationship,Beziehung,relation,relazione
realidad,reality,Wirklichkeit,réalité,la realtà
situación,situation,Situation,situation,situazione
problema,problem,Problem,problème,problema
intento,tried,versucht,essayé,provato
solución,solution,Lösung,solution,soluzione
efecto,effect,Wirkung,effet,effetto
resultado,result,Ergebnis,résultat,risultato
logro,achievement,Leistung,réalisation,risultato
éxito,success,Erfolg,succès,successo
fracaso,failure,Versagen,échec,fallimento
causa,cause,Ursache,cause,causa
consecuencia,consequence,Folge,conséquence,conseguenza
beneficio,benefit,Nutzen,avantage,beneficio
perjuicio,damage,Schaden,dommage,danno
calidad,quality,Qualität,qualité,qualità
tipo,guy,Kerl,Type,tipo
ataque,stroke,Schlaganfall,accident vasculaire cérébral,colpo
defensa,defending,verteidigen,entièrement,difendere
paz,peace,Frieden,paix,pace
conflicto,conflict,Konflikt,conflit,conflitto
guerra,war,Krieg,guerre,guerra
carácter,character,Charakter,personnage,carattere
característica,characteristic,charakteristisch,caractéristique,caratteristica
crisis,crisis,Krise,crise,crisi
cambio,change,ändern,changement,modifica
desarrollo,development,Entwicklung,développement,sviluppo
progreso,progress,Fortschritt,progrès,progresso
avance,Advance,Vorauszahlung,Avance,Avanzare
retroceso,recoil,Rückstoß,recul,rinculo
mejora,improvement,Verbesserung,amélioration,miglioramento
deterioro,deterioration,Verschlechterung,détérioration,deterioramento
"comienzo, inicio, principio","Start, start, beginning","Starten Sie, beginnen Sie, beginnen Sie","Commencer, commencer, commencer","Inizia, inizia, inizia"
transcurso,course,Kurs,cours,corso
"fin, final, cabo","End, final, Cabo","Ende, Finale, Cabo","Fin, final, cabo","Fine, finale, Cabo"
etapa,stage,Bühne,Étape,palcoscenico
fase,phase,Phase,phase,fase
paso,passed,bestanden,passé,passato
serie,series,Serie,série,serie
secuencia,sequence,Reihenfolge,séquence,sequenza
grado,degree,Grad,degré,grado
nivel,level,eben,niveau,livello
proceso,process,Verfahren,processus,processi
corte,court,Gericht,rechercher,Tribunale
interrupción,interruption,Unterbrechung,interruption,interruzione
espera,wait,Warten,attendez,Aspettare
diferencia,difference,Unterschied,différence,differenza
similitud,similarity,Ähnlichkeit,similarité,somiglianza
sentido,sense,Sinn,sens,senso
sensación,sensation,Sensation,sensation,sensazione
vista,view,Sicht,voir,visualizzazione
oído,ear,Ohr,oreille,orecchio
tacto,touch,berühren,touche,tocco
olfato,smell,Geruch,odeur,odore
dolor,pain,Schmerz,douleur,Dolore
conciencia,awareness,Bewusstsein,conscience,consapevolezza
percepción,perception,Wahrnehmung,perception,percezione
imagen,image,Bild,image,Immagine
fuerza,force,Gewalt,force,forza
potencia,power,Leistung,pouvoir,energia
presencia,presence,Gegenwart,présence,presenza
existencia,existence,Existenz,existence,esistenza
experiencia,experience,Erfahrung,expérience,esperienza
posibilidad,possibility,Wahrscheinlichkeit,possibilité,possibilità
probabilidad,probability,Wahrscheinlichkeit,probabilité,probabilità
verdad,TRUE,WAHR,vérité,VERO
mentira,lie,Lüge,mensonge,menzogna
razón,reason,Grund,raison,motivo
acierto,success,Erfolg,succès,successo
equivocación,mistake,Fehler,erreur,errore
necesidad,need,brauchen,besoin,Bisogno
falta,lack,Mangel,manque,mancanza
significado,meaning,Bedeutung,signification,Senso
carácter,character,Charakter,personnage,carattere
personalidad,personality,Persönlichkeit,personnalité,personalità
pensamiento,thought,Gedanke,pensée,Pensiero
memoria,memory,Speicher,mémoire,memoria
recuerdo,memory,Speicher,souvenir,memoria
deseo,desire,Verlangen,désir,desiderio
alegría,happiness,Glück,bonheur,felicità
tristeza,sadness,Traurigkeit,tristesse,tristezza
"enojo, enfado","anger, anger","Wut, Wut","colère, colère","rabbia, rabbia"
"placer, éxtasis","Pleasure, ecstasy","Vergnügen, Ekstase","Plaisir, extase","Piacere, estasi"
empatía,empathy,Empathie,empathie,empatia
interés,interest,Interesse,intérêt,interesse
aburrimiento,boredom,Langeweile,ennui,noia
cansancio,fatigue,Ermüdung,fatigue,fatica
sorpresa,surprise,Überraschung,surprendre,sorpresa
susto,scare,Schrecken,effrayer,spavento
seguridad,security,Sicherheit,sécurité,sicurezza
confianza,trust,Vertrauen,confiance,Fiducia
"miedo, temor",fear,Furcht,craindre,Paura
ejemplo,example,Beispiel,exemple,esempio
Adjetivos,Adjectives,Adjektive,Adjectifs,Aggettivi
Adjetivos de calidad,Quality adjectives,Qualitätsadjektive,Adjectifs de qualité,Aggettivi di qualità
"bueno, buen","Well, good",Gut gut,"Eh bien, bon",Bene bene
malo,bad,schlecht,mauvais,Cattivo
superior,superior,Vorgesetzter,supérieur,superiore
inferior,lower,untere,inférieur,inferiore
central,central,zentral,central,centrale
lateral,side,Seite,côté,lato
frontal,frontal,frontal,frontal,frontale
"trasero, posterior","Rear, posterior","Hinten, hinterher","Arrière, postérieur","Posteriore, posteriore"
cierto,TRUE,WAHR,VRAI,VERO
real,real,real,réel,vero
falso,fake,gefälscht,faux,impostore
mayor,elderly,Alten,âgé,anziano
menor,minor,unerheblich,mineure,minore
importante,important,wichtig,important,importante
necesario,necessary,notwendig,nécessaire,necessario
absoluto,absolute,absolut,absolu,assoluto
relativo,relative,relativ,relatif,parente
caro,expensive,teuer,cher,costoso
barato,cheap,billig,bon marché,economico
viejo,old,alt,vieux,vecchio
joven,young,jung,jeune,giovane
nuevo,new,neu,nouveau,nuovo
cada,each,jede,chaque,ogni
cualquier,any,beliebig,n'importe quel,Qualunque
dado,given,gegeben,dé,dato
actual,current,aktuell,actuel,attuale
reciente,recent,jüngste,récent,recente
capaz,able,fähig,capable,capace
"fácil, simple, sencillo","easy, simple, simple","Einfach, einfach, einfach","Facile, simple, simple","facile, semplice, semplice"
"difícil, complicado",Difficult complicated,Schwierig kompliziert,Difficile compliqué,Difficile complicato
posible,possible,möglich,possible,possibile
imposible,impossible,unmöglich,impossible,impossibile
probable,likely,wahrscheinlich,probable,probabile
improbable,unlikely,unwahrscheinlich,peu probable,improbabile
estricto,strict,strikt,strict,rigoroso
serio,Serious,Ernst,sérieux,Serio
general,general,allgemein,général,generale
particular,particular,besondere,particulier,particolare
común,common,gemeinsam,commun,comune
especial,special,speziell,spécial,speciale
usual,usual,üblich,habituel,solito
único,only,nur,seul,soltanto
"raro, extraño",weird strange,"seltsam, fremd",étrange étrange,strano strano
fuerte,strong,stark,fort,forte
débil,weak,schwach,faible,Debole
"correcto, acertado","Correct, successful","Richtig, erfolgreich","Correct, réussi","Corretto, successo"
"incorrecto, desacertado","Incorrect, miscarired","Falsch, falsch","Incorrect, met à mal","Errato, messo a male"
"contrario, opuesto, inverso","otherwise, opposite, inverse","ansonsten umgekehrt, inverse","Sinon, en face, inverse","altrimenti, opposto, inverso"
igual,equal,gleich,égal,pari
"diferente, distinto","Different, different","Anders, anders","Différent, différent","Diverso, diverso"
"parecido, similar","similar, similar","Ähnlich, ähnlich","similaire, similaire","Simile, simile"
otro,other,andere,autre,altro
diverso,diverse,vielfältig,divers,Diversi
manual,manual,Handbuch,manuel,Manuale
automático,automatic,automatisch,automatique,automatico
universal,universal,Universal-,universel,universale
mundial,world,Welt,monde,mondo
continental,continental,kontinental,continental,continentale
internacional,international,International,international,internazionale
nacional,national,National,national,nazionale
regional,regional,regional,régional,regionale
local,local,lokal,local,Locale
urbano,urban,urban,urbain,urbano
rural,rural,ländlich,rural,rurale
social,social,Sozial,social,sociale
político,political,politisch,politique,politico
cultural,cultural,kulturell,culturel,culturale
artístico,artistic,künstlerisch,artistique,artistico
propio,own,eigen,posséder,Proprio
ajeno,unaffiliated,nicht verbunden,non affilié,non affiliato
público,public,öffentlich,public,pubblico
privado,private,Privatgelände,privé,privato
Adjetivos de forma,Adjectives of form,Adjektive der Form,Adjectifs de forme,Aggettivi della forma
alto,high,hoch,haut,alto
bajo,low,niedrig,bas,Basso
gran,great,Großartig,super,Grande
grande,big,groß,grand,grande
pequeño,little,wenig,petit,poco
amplio,broad,breit,large,ampio
angosto,narrow,eng,étroit,stretto
compacto,compact,kompakt,compact,compatto
delgado,slim,schlank,maigrir,sottile
grueso,thick,dick,épais,spesso
Adjetivos sensoriales,Sensory adjectives,Sensorische Adjektive,Adjectifs sensoriels,Aggettivi sensoriali
caliente,hot,heiß,chaud,caldo
frío,cold,kalt,froid,Freddo
ligero,light,Licht,léger,leggero
pesado,heavy,schwer,lourd,pesante
suave,gentle,sanft,doux,gentile
firme,firm,Firma,entreprise,ditta
flexible,flexible,flexibel,flexible,flessibile
duro,hard,hart,dur,difficile
blando,soft,weich,doux,morbido
caluroso,warm,warm,chaleureux,Caldo
frío,cold,kalt,froid,Freddo
fresco,cool,Cool,cool,Freddo
"delicioso, apetitoso","Delicious, appetizing","Köstlich, appetitlich","Délicieux, appétissant","Delizioso, appetitoso"
horrible,awful,abscheulich,affreux,Terribile
dulce,sweet,süss,douce,dolce
picante,spicy,scharf,épicé,speziato
salado,salty,salzig,salé,salato
amargo,bitter,bitter,amer,amaro
anterior,former,ehemalig,ancien,ex
posterior,later,später,plus tard,Dopo
siguiente,following,folgen,suivant,seguente
cercano,nearby,nahe,proche,nelle vicinanze
lejano,far,weit,loin,lontano
junto,together,zusammen,ensemble,insieme
unido,United,Vereinigt,Uni,Unito
separado,separate,getrennt,séparé,separato
alejado,remote,Fernbedienung,télécommande,a distanza
Adjetivos de sentimientos y sensaciones,Adjectives of feelings and sensations,Adjektive von Gefühlen und Empfindungen,Adjectifs de sentiments et de sensations,Aggettivi di sentimenti e sensazioni
feliz,happy,Glücklich,content,Contento
triste,sad,traurig,triste,triste
solo,only,nur,seul,soltanto
solitario,lonely,einsam,seul,solitario
contento,glad,froh,content,lieto
tranquilo,don't worry,Mach dir keine Sorgen,Ne vous inquiétez pas,Non preoccuparti
"enojado, enfadado","angry, angry","wütend, wütend","En colère, en colère","arrabbiato, arrabbiato"
calmo,calm,ruhig,calme,calma
agitado,hectic,hektisch,trépidant,frenetico
ansioso,anxious,ängstlich,anxieux,ansioso
interesado,interested,interessiert,intéressé,interessato
aburrido,bored,gelangweilt,ennuyé,annoiato
encantado,delighted,erfreut,Enchanté,incantato
cansado,tired,müde,fatigué,Stanco
sorprendido,surprised,überrascht,surpris,sorpreso
"asustado, atemorizado","Scared, frightened","Angst, verängstigt","Effrayé, effrayé","Spaventato, spaventato"
doloroso,painful,schmerzlich,douloureux,doloroso
"picante, ardiente","spicy, burning","würzig, brennend","épicé, brûlant","piccante, bruciando"
"apestoso, maloliente","Apestoso, smelly","Apestoso, stinkend","Apestoso, malodorant","Apesoso, puzzolente"
Adjetivos ordinales,Ordinal adjectives,Ordinale Adjektive,Adjectifs ordinaux,Aggettivi ordinali
"primer, primero, primera","First, first, first",Erstens zuerst zuerst,"Tout d'abord, d'abord","Primo, primo, primo"
segundo,second,zweite,deuxième,secondo
tercero,third,dritte,troisième,terzo
cuarto,room,Zimmer,chambre,camera
quinto,fifth,fünfte,cinquième,quinto
décimo,tenth,Zehntel,dixième,decimo
centésimo,hundredth,Hundertstel,centième,centesimo
millonésimo,millionth,millionste,millionième,milionesimo
penúltimo,penultimate,vorletzte,avant dernier,penultimo
último,last,zuletzt,dernier,scorso
Adjetivos posesivos,Possessive adjectives,Possessive Adjektive,Adjectifs possessifs,Aggettivi possessivi
mi,my,Mein,mon,Mio
tu,you,Du,toi,Voi
su,his,sein,son,il suo
"nuestro, nuestra",our our,unser unser,notre notre,nostro
"vuestro, vuestra","yours, yours","Ihre, Ihre","Tôtre, le tien","tuo, tuo"
Verbos,Verbs,Verben,Verbes,Verbi
Auxiliares,Auxiliary,Hilfs,Auxiliaire,Ausiliario
ser,be,Sei,être,Essere
estar,be,Sei,être,Essere
haber,to have,haben,avoir,avere
Existencia,Existence,Existenz,Existence,Esistenza
aparecer,appear,erscheinen,apparaître,apparire
desaparecer,disappear,verschwinden,disparaître,scomparire
existir,exist,existieren,exister,esistere
cambiar,change,ändern,changer,modifica
crecer,grow,wachsen,croître,crescere
vivir,live,live,vivre,vivere
nacer,be born,geboren werden,naître,essere nato
morir,die,sterben,mourir,morire
Movimiento,Motion,Bewegung,Mouvement,Movimento
ir,go,gehen,aller,andare
venir,come,kommen,venir,Venire
volver,return,zurückkehren,revenir,ritorno
partir,leave,verlassen,partir,Partire
llegar,arrive,ankommen,arriver,arrivare
llevar,carry,tragen,apporter,trasportare
traer,bring,bringen,apporter,Portare
mover,move,Umzug,déplacer,mossa
arrojar,throw,Wurf,lancer,gettare
lanzar,launch,Start,lancement,lancio
coger,take,nehmen,prendre,Prendere
agarrar,grab,greifen,saisir,preda
poner,put,setzen,"mettre, poser",Mettere
"quitar, sacar","Remove, get","Entfernen, holen","Supprimer, obtenir","Rimuovi, ottieni"
alcanzar,reach,erreichen,atteindre,portata
acercar,zoom in,hineinzoomen,agrandir,ingrandire
alejar,Ward off,Abwehren,Parer,Allontanarsi
lanzar,launch,Start,lancement,lancio
arrojar,throw,Wurf,lancer,gettare
lanzar,launch,Start,lancement,lancio
coger,take,nehmen,prendre,Prendere
agarrar,grab,greifen,saisir,preda
sujetar,hold,halten,prise,Presa
golpear,hit,Schlag,frapper,colpo
patear,kick,trete,coup,calcio
poner,put,setzen,"mettre, poser",Mettere
"quitar, sacar","Remove, get","Entfernen, holen","Supprimer, obtenir","Rimuovi, ottieni"
alcanzar,reach,erreichen,atteindre,portata
acercar,zoom in,hineinzoomen,agrandir,ingrandire
alejar,Ward off,Abwehren,Parer,Allontanarsi
recoger,collect,sammeln,ranger,raccogliere
levantar,get up,aufstehen,se lever,alzarsi
tomar,take,nehmen,prendre,Prendere
pegar,paste,Paste,pâte,impasto
Sensaciones,Sensations,Empfindungen,Sensations,Sensazioni
sentir,feel,fühlen,se sentir,Tatto
ver,see,sehen,regarder,Vedere
"oír, escuchar","Hear, listen",Hören zuhören,Entendre écouter,Sentire Ascoltare
tocar,tap,klopfen,toucher,rubinetto
oler,smell,Geruch,odeur,odore
percibir,perceive,wahrnehmen,percevoir,percepire
Emociones,Emotions,Gefühle,Émotions,Emozioni
amar,love,Liebe,aimer,Amore
querer,want,wollen,vouloir,Volere
desear,want,wollen,souhaiter,Volere
"odiar, detestar","hate, hate","Hass, Hass","haine, haine","odio, odio"
entristecerse,sad,traurig,triste,triste
llorar,cry,weinen,pleurer,gridare
reír,laugh,lachen,rire,ridere
"enojarse, enfadarse","getting angry, getting angry","wütend werden, wütend werden","Se mettre en colère, se mettre en colère","Arrabbiarsi, arrabbiarsi"
"admirar, alabar, elogiar","admire, praise, praise","bewundern, loben, loben","admirer, louer, louer","Ammira, lode, lode"
alegrarse,rejoice,jubeln,réjouir,rallegrarsi
encantarse,enchant,verzaubern,enchanter,incantare
consolar,comfort,Kompfort,confort,comfort
interesarse,interest,Interesse,intérêt,interesse
aburrirse,get bored,langweilig werden,s'ennuyer,annoiarsi
cansarse,get tired,müde werden,se fatiguer,stancarsi
sorprenderse,to be surprised,überrascht sein,être surpris,essere sorpresi
"asustarse, atemorizarse","Scare yourself, frighten","Schrecken Sie sich selbst, erschrecken","Effrayez-vous, effrayez","Spaventa te stesso, spaventato"
Actividades,Activities,Aktivitäten,Activités,Attività
comunicarse,communicate,kommunizieren,communiquer,comunicare
afirmar,say,sagen,dire,Dire
negar,deny,leugnen,refuser,negare
decir,say,sagen,dire,Dire
hablar,talk,sprechen,parler,parlare
callar,to silence,zum Schweigen bringen,à silence,silenziare
escribir,write,schreiben,Écrire,scrivere
leer,read,lesen,lire,Leggere
analizar,analyze,analysieren,analyser,analizzare
pensar,think,denken,penser,pensare
cantar,sing,singen,chanter,cantare
señalar,point,Punkt,indiquer,punto
apuñalar,to stab,zu stechen,poignarder,pugnalare
morder,bite,beissen,mordre,morso
clavar,to nail,nageln,clouer,inchiodare
comer,eat,essen,manger,mangiare
beber,to drink,trinken,boire,bere
acordar,agree,zustimmen,accepter,Essere d'accordo
afectar,affect,beeinträchtigen,affecter,simulare
generar,trigger,Abzug,déclencher,grilletto
"añadir, agregar",add add,Add Add,ajouter,Aggiungi aggiungi
mejorar,improve,verbessern,améliorer,migliorare
empeorar,worsen,verschlechtern,empirer,peggiorare
seguir,continue,weitermachen,continuer,Continua
avanzar,advance,Vorauszahlung,avance,avanzare
retroceder,back,zurück,dos,Indietro
ayudar,help,Hilfe,aider,aiuto
complicar,Complicate,Komplizieren,Compliquer,Complicato
reunirse,meet up,treffen,se rencontrer,incontrarsi
entrevistar,to interview,befragen,interviewer,intervistare
"abrir, desenvolver","Open, develop","Offen, entwickeln","Ouvrir, développer","Apri, sviluppa"
jugar,play,spielen,jouer,giocare
tener,have,haben,ont,Avere
faltar,lack,Mangel,manque,mancanza
dar,give,geben,donner,Dare
recibir,receive,erhalten,recevoir,ricevere
romper,break,brechen,casser,rottura
doblar,fold,falten,pli,piega
cortar,cut,schneiden,couper,taglio
comprar,buy,besorgen,acheter,acquistare
vender,sell,verkaufen,vendre,vendere
llevar puesto,to wear,tragen,porter,indossare
cambiar,change,ändern,changer,modifica
intercambiar,to exchange,wechseln,échanger,scambiare
"sustituir, reemplazar","Replace, replace","Ersetzen, ersetzen","Remplacer, remplacer","Sostituire, sostituire"
cerrar,close,schließen,fermer,vicino
buscar,look for,Suche,chercher,cercare
encontrar,find,finden,trouver,Trovare
"obtener, conseguir","get, get","Holen Sie sich, bekommen",obtenir,"Ottieni, ottieni"
crear,create,erstellen,créer,creare
creer,believe,glauben,croire,credere
"comenzar, iniciar, empezar","Start, start, start","Starten Sie, starten Sie, beginnen Sie","Commencer, démarrer, démarrer","Inizia, inizia, inizia"
"terminar, acabar","Finish, finish",Ende beenden,"Terminer, finir","Finire, finire"
abandonar,abandon,aufgeben,abandonner,abbandono
dejar,leave,verlassen,laisser,Partire
entrar,get in,Treten Sie ein,Montez,Entra
quedarse,stay,bleiben,rester,rimanere
salir,go out,hinausgehen,sortir,esci
atender,attend,teilnehmen,assister à,assistere
medir,measure,messen,mesure,misurare
pesar,weigh,wiegen,peser,pesare
considerar,consider,halten,considérer,prendere in considerazione
comparar,compare,vergleichen,comparer,confrontare
evaluar,assess,bewerten,évaluer,valutare
decidir,decide,entscheiden,décider,decidere
construir,build,bauen,construire,costruire
destruir,destroy,zerstören,détruire,distruggere
deber,duty,Pflicht,devoir,dovere
poder,can,dürfen,pouvoir,Potere
conocer,know,wissen,savoir,Sapere
"entender, comprender",understand comprehend,Verständnis verstehen,comprendre comprendre,capire comprendere
atar,tie,binden,cravate,cravatta
saber,know,wissen,savoir,Sapere
trabajar,work,arbeiten,travailler,lavoro
"separar, dividir, partir","separate, divide, leave","trennen, teilen, verlassen","séparer, diviser, partir","separare, dividere, lasciare"
descansar,rest,ausruhen,repos,riposo
dormir,sleep,schlafen,dormir,sonno
despertar,wake up,aufwachen,réveillez-vous,svegliati
aceptar,accept,akzeptieren,Accepter,accettare
rechazar,decline,Abfall,déclin,declino
descartar,rule out,ausschließen,éliminer,escludere
acompañar,accompany,begleiten,accompagner,accompagnare
"pedir, solicitar",ask request,Anfrage fragen,demander une demande,Chiedi richiesta
pretender,pretend,vorgeben,prétendre,fare finta
proponer,propose,vorschlagen,proposer,proporre
sugerir,suggest,empfehlen,suggérer,suggerire
"usar, utilizar","Use, use","Verwendung, Verwendung","Utiliser, utiliser","Usa, usa"
hacer,do,Tun,faire,Fare
fabricar,manufacture,Herstellung,fabriquer,produzione
"arreglar, reparar",fix repair,Reparatur reparieren,Réparation de réparation,Correzione della riparazione
explicar,explain,erklären,expliquer,spiegare
mostrar,show,zeigen,montrer,spettacolo
tratar,treat,behandeln,traiter,trattare
evitar,avoid,vermeiden,éviter,Evitare
"probar, intentar","Try, try",Versuch es,Essayer essayer,Prova prova
"comprobar, verificar","Check, verify","Überprüfen Sie, überprüfen Sie","Vérifiez, vérifiez","Controlla, verifica"
variar,vary,variieren,varier,variare
esperar,wait,Warten,attendre à,Aspettare
"necesitar, precisar","need, specify","brauchen, angeben","besoin, spécifiez","bisogno, specificare"
significar,mean,bedeuten,moyenne,Significare
parecer,seem,erscheinen,paraître,sembrare
distinguir,distinguish,unterscheiden,distinguer,distinguere
Adverbios,Adverbs,Adverbien,Les adverbes,Avverbi
Adverbios de cantidad,Adverbs of quantity,Adverbien der Menge,Adverbes de quantité,Avverbi di quantità
más,further,weiter,plus loin,ulteriore
menos,less,weniger,moins,meno
muy,very,sehr,très,molto
mucho,a lot,eine Menge,beaucoup,molto
poco,bit,Bit,bit,morso
apenas,barely,kaum,à peine,appena
algo,something,etwas,quelque chose,qualcosa
casi,almost,fast,presque,Quasi
aproximadamente,approximately,etwa,environ,circa
exactamente,exactly,Exakt,exactement,esattamente
bastante,quite,ganz,assez,abbastanza
justo,fair,gerecht,équitable,Giusto
demasiado,too much,zu viel,trop,troppo
etcétera,etc.,usw.,etc.,eccetera.
"solo, solamente","alone, only",nur allein,seul seulement,"solo, solo"
tan,so,So,donc,COSÌ
tanto,so much,soviel,tellement,tanto
todo,all,alle,tout,Tutto
nada,nothing,Nichts,rien,Niente
cómo,as,als,comme,COME
cuándo,when,Wenn,quand,Quando
cuánto,how much,wie viel,combien,Quanto
"cuál, cuáles","which, which","was, was","qui, qui","che, che"
dónde,where,Wo,où,Dove
Adverbios de calidad,Quality adverbs,Qualitätsadverbien,Adverbes de qualité,Avverbi di qualità
bien,good,Gut,bien,Bene
mal,evil,teuflisch,mal,cattivo
mejor,better,besser,mieux,Meglio
peor,worse,schlechter,pire,peggio
regular,regular,regulär,régulier,regolare
despacio,slowly,langsam,lentement,lentamente
deprisa,fast,schnell,rapide,veloce
tal,such,solch,tel,come
como,as,als,comme,COME
adrede,deliberate,absichtlich,volontaire,deliberato
claro,clear,klar,clair,chiaro
exacto,exact,genau,exact,esatto
obvio,obvious,offensichtlich,évident,ovvio
inclusive,inclusive,inklusiv,compris,inclusivo
además,besides,neben,en outre,Oltretutto
asimismo,in addition,Zusätzlich,en outre,Inoltre
únicamente,only,nur,uniquement,soltanto
especialmente,especially,besonders,spécialement,particolarmente
incluso,even,selbst,même,Anche
viceversa,vice versa,und umgekehrt,vice versa,viceversa
siquiera,even,selbst,même,Anche
inicialmente,initially,anfänglich,initialement,Inizialmente
finalmente,finally,Endlich,finalement,Finalmente
Adverbios de posibilidad,Adverbs of possibility,Adverbien der Möglichkeit,Adverbes de possibilité,Avverbi di possibilità
siempre,always,stets,toujours,Sempre
nunca,never,niemals,jamais,Mai
jamás,never,niemals,jamais,Mai
también,also,Auch,aussi,Anche
tampoco,neither,weder,ni,nessuno dei due
"quizá, quizás","Maybe, maybe",Vielleicht vielleicht,"Peut-être, peut-être","Forse, forse"
acaso,perhaps,womöglich,peut-être,Forse
fácilmente,easily,leicht,facilement,facilmente
difícilmente,hardly,kaum,à peine,difficilmente
probablemente,probably,wahrscheinlich,probablement,probabilmente
posiblemente,possibly,möglicherweise,peut-être,possibilmente
seguramente,surely,sicherlich,sûrement,certamente
Adverbios temporales,Temporary adverbs,Temporäre Adverbien,Adverbes temporaires,Avverbi temporanei
antes,before,Vor,avant,Prima
anteriormente,previously,bisher,précédemment,in precedenza
actualmente,at the moment,im Augenblick,actuellement,al momento
ahora,now,Jetzt,maintenant,Ora
enseguida,right away,sofort,tout de suite,al momento
inmediatamente,immediately,sofort,immédiatement,subito
ya,already,bereits,déjà,Già
todavía,still,still,toujours,Ancora
aún,still,still,toujours,Ancora
recién,newly,neu,nouvellement,recentemente
mientras,while,während,alors que,Mentre
después,after,nach,après,Dopo
luego,then,Dann,alors,Poi
pronto,soon,bald,bientôt,Presto
tarde,late,spät,en retard,tardi
temprano,early,früh,tôt,Presto
ayer,yesterday,gestern,hier,Ieri
anoche,last night,letzter Nacht,la nuit dernière,la notte scorsa
hoy,today,Heute,aujourd'hui,Oggi
mañana,tomorrow,morgen,matin,Domani
de nuevo,again,nochmal,de nouveau,Ancora
próximamente,soon,bald,bientôt,Presto
Adverbios de ubicación,Location adverbs,Standortadverbien,Adverbes d'emplacement,Avverbi di posizione
"arriba, encima",up above,hoch oben,au dessus,su in alto
"abajo, debajo",Down,Runter,Bas,Giù
"adelante, delante","Go ahead, in front",Voranschreiten,Aller de l'avant,"Vai avanti, di fronte"
"atrás, detrás",behind,hinter,derrière,dietro
"centro, medio","Center, medium","Mitte, mittel","Centre, moyen","Centro, medio"
alrededor,around,um,autour,in giro
enfrente,in front,vor,devant,davanti
cerca,near,nahe,proche,vicino
lejos,far,weit,loin,lontano
"adentro, dentro","Inside, inside","Drinnen, im Inneren","À l'intérieur, à l'intérieur","Dentro, dentro"
"afuera, fuera","Outside, outside","Draußen, draußen","À l'extérieur, à l'extérieur","Fuori, fuori"
aquí,here,Hier,ici,Qui
acá,here,Hier,ici,Qui
ahí,there,Dort,là,Là
allá,there,Dort,là,Là
allí,over there,da drüben,là-bas,laggiù
Otros adverbios,Other adverbs,Andere Adverbien,Autres adverbes,Altri avverbi
así,So,So,Donc,COSÌ
adónde,where to,wohin,où,dove
dónde,where,Wo,où,Dove
Preposiciones,Prepositions,Präpositionen,Prépositions,Preposizioni
"a, al","a, al","A, Al","A, Al","A, al"
ante,in view of,in Anbetracht,en vue de,in vista di
bajo,low,niedrig,bas,Basso
con,with,mit,avec,con
contra,against,gegen,contre,contro
"de, del","of, of","von, von",de de,di Di
desde,from,aus,depuis,da
durante,during,während,pendant,durante
en,in,In,dans,In
entre,between,zwischen,entre,fra
hacia,toward,zu,vers,verso
hasta,until,bis,jusqu'à,Fino a
mediante,through,durch,à travers,Attraverso
para,for,für,pour,per
por,by,von,pour,di
según,according to,entsprechend,selon,secondo
sin,without,ohne,sans,senza
sobre,about,um,sur,Di
tras,after,nach,après,Dopo
Conjunciones,Conjunctions,Konjunktionen,Conjonctions,Congiunzioni
aunque,although,Obwohl,même si,Sebbene
como,as,als,comme,COME
cuando,when,Wenn,quand,Quando
entonces,so,So,ensuite,COSÌ
excepto,except,außer,sauf,tranne
ni,neither,weder,ni,nessuno dei due
o,either,entweder,soit,O
pero,but,Aber,mais,Ma
porque,because,Weil,parce que,Perché
pues,well,Also,Bien,BENE
que,that,Das,Quoi,Quello
salvo,except,außer,sauf,tranne
si,Yeah,Ja,Ouais,Sì
sino,but,Aber,mais,Ma
y,and,Und,et,E
Pronombres,Pronouns,Pronomen,Pronoms,Pronomi
Pronombres personales,Personal pronouns,Personalpronomen,Pronoms personnels,Pronomi personali
yo,I,ICH,je,IO
tú,you,Du,toi,Voi
vos,you,Du,toi,Voi
usted,you,Du,toi,Voi
"él, ella, ello","He, she, it",Er sie es,Il Elle Ça,Lui lei esso
"nosotros, nosotras","We, are",Wir sind,nous nous,Noi siamo
"vosotros, vosotras",you you,du du du,vous vous,tu tu
ustedes,you,Du,toi,Voi
"ellos, ellas","They, them",Sie ihnen,ils Elles,Loro
"mí, conmigo","Me, with me","Ich, mit mir","Moi, avec moi","Io, con me"
"ti, contigo","You, with you",Du mit dir,"Vous, avec vous","Tu, con te"
"sí, consigo",if I get,Wenn ich bekomme,si j'obtiens,se ottengo
me,I,ICH,je,IO
te,tea,Tee,thé,tè
"le, la, lo","le, the","le, die","le, le","Le, il"
se,HE,ER,IL,LUI
nos,us,uns,nous,noi
os,you,Du,toi,Voi
Pronombres posesivos,Possessive pronouns,Possessivpronomen,Pronoms possessifs,Pronomi possessivi
"mío, mía","Mine, mine","Meins, meins",Le mien le mien,"MIO, mio"
"tuyo, tuya","Yours, yours","Ihre, Ihre","Tôtre, le tien","Tuo, tuo"
"suyo, suya",Yours,Dein,Le vôtre,Il tuo
"nuestro, nuestra",our our,unser unser,notre notre,nostro
"vuestro, vuestra","yours, yours","Ihre, Ihre","Tôtre, le tien","tuo, tuo"
"cuyo, cuya","whose, whose","wessen, wessen","dont, dont","Di chi, di chi"
Pronombres indefinidos,Indefinite pronouns,Unbestimmte Pronomen,Pronoms indéfinis,Pronomi indefiniti
"un, una, uno","A, one, one","A, eins, einer","A, un, un","A, uno, uno"
"algún, alguna, algo","some, some, something","Einige, einige, etwas","Certains, certains, quelque chose","Alcuni, alcuni, qualcosa"
"ninguno, ninguna, nada","None, none, nothing","Keine, keine, nichts, nichts","Aucun, aucun, rien","Nessuno, nessuno, niente"
"varios, varias","several, several","mehrere, mehrere","Plusieurs, plusieurs","diversi, diversi"
"otro, otra",other another,Andere andere,Autre autre,un altro un altro
"mismo, misma",same,Dasselbe,même,Stesso
"tan, tanto, tanta","So much, so much","So viel, so viel","Tellement, tellement","Così tanto, così tanto"
alguien,someone,jemand,quelqu'un,qualcuno
nadie,nobody,niemand,personne,nessuno
cualquiera,any,beliebig,n'importe quel,Qualunque
ambos,both,beide,les deux,Entrambi
demás,the rest,der Rest,le reste,il riposo
Pronombres interrogativos,Interrogative pronouns,Interrogativpronomen,Pronoms interrogatifs,Pronomi interrogativi
cuál,which,welche,qui,Quale
cuánto,how much,wie viel,combien,Quanto
quién,who,WHO,qui,Chi
qué,that,Das,Quoi,Quello
Demostrativos,Demonstrative,Demonstrativ,Démonstratif,Dimostrativo
"este, esta, esto","This, this, this",Das das das,"Ceci, ceci","Questo, questo, questo"
"estos, estas",These are,Diese sind,Ceux-ci sont,Questi sono
"ese, esa, eso","That, that","Das, das","Que, que","Quello, quello"
"esos, esas",those,diese,ceux,quelli
"aquel, aquella, aquello","that one, that","das, das","celui-là, que","quello, quello"
"aquellos, aquellas","those, those","die, die, die","ceux, ceux","Quelli, quelli"
Interjecciones,Interjections,Interjektionen,Interjections,Interiezioni
sí,Yeah,Ja,Ouais,Sì
no,No,NEIN,Non,NO
Locuciones,Idioms,Redewendungen,Expressions idiomatiques,Idiomi
gracias,thank you,Danke,merci,Grazie
acerca de,about,um,à propos de,Di
a lo mejor,probably,wahrscheinlich,peut-être,probabilmente
a menudo,often,oft,souvent,Spesso
a pesar de,although,Obwohl,bien que,Sebbene
a propósito,by the way,Übrigens,à propos,A proposito
a través de,through,durch,à travers de,Attraverso
dado que,Given the,Angesichts der,étant donné que,dato che
es decir,that is to say,das heißt,c'est-à-dire,cioè per dire
ni siquiera,not even,nicht mal,même pas,nemmeno
o sea,I mean,Ich meine,Ce est à dire,Intendo
por cierto,by the way,Übrigens,d'ailleurs,A proposito
por ejemplo,For example,Zum Beispiel,par exemple,Per esempio
por favor,please,Bitte,S'il vous plait,Per favore
por tanto,therefore,Deshalb,pourtant,Perciò
sin embargo,however,Jedoch,cependant,Tuttavia
tal vez,maybe,Vielleicht,peut-être,Forse
ya que,given that,Angesichts dessen,car,dato che